Area;Year;Average Mean Surface Air Temperature (Annual Mean );Average Temperature by Country;Temperature Deviation
Albania;1961;"12,21";"12,1386";"0,0714"
Albania;1962;"11,88";"12,1386";"-0,2586"
Albania;1963;"11,9";"12,1386";"-0,2386"
Albania;1964;"11,39";"12,1386";"-0,7486"
Albania;1965;"11,31";"12,1386";"-0,8286"
Albania;1966;"12,09";"12,1386";"-0,0486"
Albania;1967;"11,7";"12,1386";"-0,4386"
Albania;1968;"11,75";"12,1386";"-0,3886"
Albania;1969;"11,46";"12,1386";"-0,6786"
Albania;1970;"11,62";"12,1386";"-0,5186"
Albania;1971;"11,45";"12,1386";"-0,6886"
Albania;1972;"11,46";"12,1386";"-0,6786"
Albania;1973;"11,38";"12,1386";"-0,7586"
Albania;1974;"11,51";"12,1386";"-0,6286"
Albania;1975;"11,54";"12,1386";"-0,5986"
Albania;1976;"11,01";"12,1386";"-1,1286"
Albania;1977;"11,85";"12,1386";"-0,2886"
Albania;1978;"11,01";"12,1386";"-1,1286"
Albania;1979;"11,83";"12,1386";"-0,3086"
Albania;1980;"10,88";"12,1386";"-1,2586"
Albania;1981;"11,57";"12,1386";"-0,5686"
Albania;1982;"11,78";"12,1386";"-0,3586"
Albania;1983;"11,51";"12,1386";"-0,6286"
Albania;1984;"11,28";"12,1386";"-0,8586"
Albania;1985;"11,58";"12,1386";"-0,5586"
Albania;1986;"11,8";"12,1386";"-0,3386"
Albania;1987;"11,45";"12,1386";"-0,6886"
Albania;1988;"11,88";"12,1386";"-0,2586"
Albania;1989;"11,64";"12,1386";"-0,4986"
Albania;1990;"12,16";"12,1386";"0,0214"
Albania;1991;"11,16";"12,1386";"-0,9786"
Albania;1992;"11,82";"12,1386";"-0,3186"
Albania;1993;"11,79";"12,1386";"-0,3486"
Albania;1994;"12,8";"12,1386";"0,6614"
Albania;1995;"11,65";"12,1386";"-0,4886"
Albania;1996;"11,33";"12,1386";"-0,8086"
Albania;1997;"11,61";"12,1386";"-0,5286"
Albania;1998;"12,15";"12,1386";"0,0114"
Albania;1999;"12,52";"12,1386";"0,3814"
Albania;2000;"12,83";"12,1386";"0,6914"
Albania;2001;"12,44";"12,1386";"0,3014"
Albania;2002;"12,66";"12,1386";"0,5214"
Albania;2003;"12,4";"12,1386";"0,2614"
Albania;2004;"12,09";"12,1386";"-0,0486"
Albania;2005;"11,68";"12,1386";"-0,4586"
Albania;2006;"12,11";"12,1386";"-0,0286"
Albania;2007;"12,91";"12,1386";"0,7714"
Albania;2008;"12,91";"12,1386";"0,7714"
Albania;2009;"12,77";"12,1386";"0,6314"
Albania;2010;"12,6";"12,1386";"0,4614"
Albania;2011;"12,41";"12,1386";"0,2714"
Albania;2012;"12,96";"12,1386";"0,8214"
Albania;2013;"12,97";"12,1386";"0,8314"
Albania;2014;"13,12";"12,1386";"0,9814"
Albania;2015;13;"12,1386";"0,8614"
Albania;2016;"12,9";"12,1386";"0,7614"
Albania;2017;"12,82";"12,1386";"0,6814"
Albania;2018;"13,49";"12,1386";"1,3514"
Albania;2019;"13,47";"12,1386";"1,3314"
Albania;2020;"13,17";"12,1386";"1,0314"
Albania;2021;"12,86";"12,1386";"0,7214"
Albania;2022;"13,44";"12,1386";"1,3014"
Albania;2023;"13,86";"12,1386";"1,7214"
Austria;1961;7;"6,9722";"0,0278"
Austria;1962;"5,31";"6,9722";"-1,6622"
Austria;1963;"5,53";"6,9722";"-1,4422"
Austria;1964;"6,05";"6,9722";"-0,9222"
Austria;1965;"5,5";"6,9722";"-1,4722"
Austria;1966;"6,64";"6,9722";"-0,3322"
Austria;1967;"6,72";"6,9722";"-0,2522"
Austria;1968;"6,22";"6,9722";"-0,7522"
Austria;1969;"5,88";"6,9722";"-1,0922"
Austria;1970;"5,81";"6,9722";"-1,1622"
Austria;1971;"6,31";"6,9722";"-0,6622"
Austria;1972;"6,03";"6,9722";"-0,9422"
Austria;1973;"6,07";"6,9722";"-0,9022"
Austria;1974;"6,74";"6,9722";"-0,2322"
Austria;1975;"6,73";"6,9722";"-0,2422"
Austria;1976;"6,21";"6,9722";"-0,7622"
Austria;1977;"6,75";"6,9722";"-0,2222"
Austria;1978;"5,68";"6,9722";"-1,2922"
Austria;1979;"6,21";"6,9722";"-0,7622"
Austria;1980;"5,44";"6,9722";"-1,5322"
Austria;1981;"6,37";"6,9722";"-0,6022"
Austria;1982;"6,8";"6,9722";"-0,1722"
Austria;1983;"7,11";"6,9722";"0,1378"
Austria;1984;"5,94";"6,9722";"-1,0322"
Austria;1985;"5,76";"6,9722";"-1,2122"
Austria;1986;"6,24";"6,9722";"-0,7322"
Austria;1987;"5,95";"6,9722";"-1,0222"
Austria;1988;"6,98";"6,9722";"0,0078"
Austria;1989;"7,28";"6,9722";"0,3078"
Austria;1990;"7,29";"6,9722";"0,3178"
Austria;1991;"6,36";"6,9722";"-0,6122"
Austria;1992;"7,51";"6,9722";"0,5378"
Austria;1993;"6,84";"6,9722";"-0,1322"
Austria;1994;"8,09";"6,9722";"1,1178"
Austria;1995;"6,88";"6,9722";"-0,0922"
Austria;1996;"5,74";"6,9722";"-1,2322"
Austria;1997;"6,92";"6,9722";"-0,0522"
Austria;1998;"7,13";"6,9722";"0,1578"
Austria;1999;"7,2";"6,9722";"0,2278"
Austria;2000;"8,02";"6,9722";"1,0478"
Austria;2001;"7,03";"6,9722";"0,0578"
Austria;2002;"7,72";"6,9722";"0,7478"
Austria;2003;"7,38";"6,9722";"0,4078"
Austria;2004;"6,81";"6,9722";"-0,1622"
Austria;2005;"6,57";"6,9722";"-0,4022"
Austria;2006;"7,29";"6,9722";"0,3178"
Austria;2007;"7,89";"6,9722";"0,9178"
Austria;2008;"7,7";"6,9722";"0,7278"
Austria;2009;"7,53";"6,9722";"0,5578"
Austria;2010;"6,44";"6,9722";"-0,5322"
Austria;2011;"7,93";"6,9722";"0,9578"
Austria;2012;"7,66";"6,9722";"0,6878"
Austria;2013;"7,26";"6,9722";"0,2878"
Austria;2014;"8,41";"6,9722";"1,4378"
Austria;2015;"8,37";"6,9722";"1,3978"
Austria;2016;"7,74";"6,9722";"0,7678"
Austria;2017;"7,77";"6,9722";"0,7978"
Austria;2018;"8,64";"6,9722";"1,6678"
Austria;2019;"8,45";"6,9722";"1,4778"
Austria;2020;"8,35";"6,9722";"1,3778"
Austria;2021;"7,29";"6,9722";"0,3178"
Austria;2022;"8,65";"6,9722";"1,6778"
Austria;2023;"8,84";"6,9722";"1,8678"
Belarus;1992;"7,36";"7,5761";"-0,2161"
Belarus;1993;"6,33";"7,5761";"-1,2461"
Belarus;1994;"6,94";"7,5761";"-0,6361"
Belarus;1995;"7,07";"7,5761";"-0,5061"
Belarus;1996;"5,68";"7,5761";"-1,8961"
Belarus;1997;"6,5";"7,5761";"-1,0761"
Belarus;1998;"6,7";"7,5761";"-0,8761"
Belarus;1999;"7,83";"7,5761";"0,2539"
Belarus;2000;"8,03";"7,5761";"0,4539"
Belarus;2001;"7,17";"7,5761";"-0,4061"
Belarus;2002;"7,76";"7,5761";"0,1839"
Belarus;2003;"6,83";"7,5761";"-0,7461"
Belarus;2004;"6,95";"7,5761";"-0,6261"
Belarus;2005;"7,06";"7,5761";"-0,5161"
Belarus;2006;"7,18";"7,5761";"-0,3961"
Belarus;2007;"8,05";"7,5761";"0,4739"
Belarus;2008;"8,18";"7,5761";"0,6039"
Belarus;2009;"7,35";"7,5761";"-0,2261"
Belarus;2010;"6,88";"7,5761";"-0,6961"
Belarus;2011;"7,7";"7,5761";"0,1239"
Belarus;2012;"7,04";"7,5761";"-0,5361"
Belarus;2013;"7,73";"7,5761";"0,1539"
Belarus;2014;"7,94";"7,5761";"0,3639"
Belarus;2015;"8,64";"7,5761";"1,0639"
Belarus;2016;"7,8";"7,5761";"0,2239"
Belarus;2017;"7,75";"7,5761";"0,1739"
Belarus;2018;"8,09";"7,5761";"0,5139"
Belarus;2019;"8,83";"7,5761";"1,2539"
Belarus;2020;"9,1";"7,5761";"1,5239"
Belarus;2021;"7,36";"7,5761";"-0,2161"
Belarus;2022;"8,02";"7,5761";"0,4439"
Belarus;2023;"8,82";"7,5761";"1,2439"
Belgium;2000;"11,01";"10,9492";"0,0608"
Belgium;2001;"10,42";"10,9492";"-0,5292"
Belgium;2002;"10,86";"10,9492";"-0,0892"
Belgium;2003;"10,75";"10,9492";"-0,1992"
Belgium;2004;"10,32";"10,9492";"-0,6292"
Belgium;2005;"10,6";"10,9492";"-0,3492"
Belgium;2006;"10,87";"10,9492";"-0,0792"
Belgium;2007;"11,08";"10,9492";"0,1308"
Belgium;2008;"10,59";"10,9492";"-0,3592"
Belgium;2009;"10,6";"10,9492";"-0,3492"
Belgium;2010;"9,32";"10,9492";"-1,6292"
Belgium;2011;"11,16";"10,9492";"0,2108"
Belgium;2012;"10,46";"10,9492";"-0,4892"
Belgium;2013;"9,95";"10,9492";"-0,9992"
Belgium;2014;"11,68";"10,9492";"0,7308"
Belgium;2015;"11,16";"10,9492";"0,2108"
Belgium;2016;"10,74";"10,9492";"-0,2092"
Belgium;2017;"11,02";"10,9492";"0,0708"
Belgium;2018;"11,72";"10,9492";"0,7708"
Belgium;2019;"11,43";"10,9492";"0,4808"
Belgium;2020;"11,88";"10,9492";"0,9308"
Belgium;2021;"10,44";"10,9492";"-0,5092"
Belgium;2022;"11,98";"10,9492";"1,0308"
Belgium;2023;"11,92";"10,9492";"0,9708"
Bulgaria;1961;"10,95";"11,0092";"-0,0592"
Bulgaria;1962;"10,66";"11,0092";"-0,3492"
Bulgaria;1963;"10,32";"11,0092";"-0,6892"
Bulgaria;1964;10;"11,0092";"-1,0092"
Bulgaria;1965;"9,88";"11,0092";"-1,1292"
Bulgaria;1966;"11,4";"11,0092";"0,3908"
Bulgaria;1967;"10,58";"11,0092";"-0,4292"
Bulgaria;1968;"10,69";"11,0092";"-0,3192"
Bulgaria;1969;"9,96";"11,0092";"-1,0492"
Bulgaria;1970;"10,69";"11,0092";"-0,3192"
Bulgaria;1971;"10,44";"11,0092";"-0,5692"
Bulgaria;1972;"10,47";"11,0092";"-0,5392"
Bulgaria;1973;"10,2";"11,0092";"-0,8092"
Bulgaria;1974;"10,53";"11,0092";"-0,4792"
Bulgaria;1975;"10,91";"11,0092";"-0,0992"
Bulgaria;1976;"9,67";"11,0092";"-1,3392"
Bulgaria;1977;"10,67";"11,0092";"-0,3392"
Bulgaria;1978;"9,94";"11,0092";"-1,0692"
Bulgaria;1979;"10,82";"11,0092";"-0,1892"
Bulgaria;1980;"9,63";"11,0092";"-1,3792"
Bulgaria;1981;"10,65";"11,0092";"-0,3592"
Bulgaria;1982;"10,46";"11,0092";"-0,5492"
Bulgaria;1983;"10,76";"11,0092";"-0,2492"
Bulgaria;1984;"10,33";"11,0092";"-0,6792"
Bulgaria;1985;"9,78";"11,0092";"-1,2292"
Bulgaria;1986;"10,58";"11,0092";"-0,4292"
Bulgaria;1987;"9,78";"11,0092";"-1,2292"
Bulgaria;1988;"10,38";"11,0092";"-0,6292"
Bulgaria;1989;"11,01";"11,0092";"0,0008"
Bulgaria;1990;"11,27";"11,0092";"0,2608"
Bulgaria;1991;"10,08";"11,0092";"-0,9292"
Bulgaria;1992;"10,61";"11,0092";"-0,3992"
Bulgaria;1993;"10,2";"11,0092";"-0,8092"
Bulgaria;1994;"11,72";"11,0092";"0,7108"
Bulgaria;1995;"10,66";"11,0092";"-0,3492"
Bulgaria;1996;"10,13";"11,0092";"-0,8792"
Bulgaria;1997;"10,06";"11,0092";"-0,9492"
Bulgaria;1998;"10,84";"11,0092";"-0,1692"
Bulgaria;1999;"11,57";"11,0092";"0,5608"
Bulgaria;2000;"11,67";"11,0092";"0,6608"
Bulgaria;2001;"11,36";"11,0092";"0,3508"
Bulgaria;2002;"11,57";"11,0092";"0,5608"
Bulgaria;2003;"10,73";"11,0092";"-0,2792"
Bulgaria;2004;"11,07";"11,0092";"0,0608"
Bulgaria;2005;"10,8";"11,0092";"-0,2092"
Bulgaria;2006;"10,92";"11,0092";"-0,0892"
Bulgaria;2007;"12,1";"11,0092";"1,0908"
Bulgaria;2008;"11,82";"11,0092";"0,8108"
Bulgaria;2009;"11,81";"11,0092";"0,8008"
Bulgaria;2010;"11,62";"11,0092";"0,6108"
Bulgaria;2011;"10,92";"11,0092";"-0,0892"
Bulgaria;2012;"11,77";"11,0092";"0,7608"
Bulgaria;2013;"11,81";"11,0092";"0,8008"
Bulgaria;2014;"11,93";"11,0092";"0,9208"
Bulgaria;2015;"11,93";"11,0092";"0,9208"
Bulgaria;2016;"11,92";"11,0092";"0,9108"
Bulgaria;2017;"11,73";"11,0092";"0,7208"
Bulgaria;2018;"12,28";"11,0092";"1,2708"
Bulgaria;2019;"12,71";"11,0092";"1,7008"
Bulgaria;2020;"12,48";"11,0092";"1,4708"
Bulgaria;2021;"11,8";"11,0092";"0,7908"
Bulgaria;2022;"12,27";"11,0092";"1,2608"
Bulgaria;2023;"13,05";"11,0092";"2,0408"
Croatia;1992;"11,95";"12,1294";"-0,1794"
Croatia;1993;"11,25";"12,1294";"-0,8794"
Croatia;1994;"12,53";"12,1294";"0,4006"
Croatia;1995;"11,3";"12,1294";"-0,8294"
Croatia;1996;"10,43";"12,1294";"-1,6994"
Croatia;1997;"11,16";"12,1294";"-0,9694"
Croatia;1998;"11,56";"12,1294";"-0,5694"
Croatia;1999;"11,63";"12,1294";"-0,4994"
Croatia;2000;"12,56";"12,1294";"0,4306"
Croatia;2001;"11,54";"12,1294";"-0,5894"
Croatia;2002;"12,28";"12,1294";"0,1506"
Croatia;2003;"11,73";"12,1294";"-0,3994"
Croatia;2004;"11,24";"12,1294";"-0,8894"
Croatia;2005;"10,87";"12,1294";"-1,2594"
Croatia;2006;"11,6";"12,1294";"-0,5294"
Croatia;2007;"12,49";"12,1294";"0,3606"
Croatia;2008;"12,37";"12,1294";"0,2406"
Croatia;2009;"12,22";"12,1294";"0,0906"
Croatia;2010;"11,31";"12,1294";"-0,8194"
Croatia;2011;"12,17";"12,1294";"0,0406"
Croatia;2012;"12,37";"12,1294";"0,2406"
Croatia;2013;"12,14";"12,1294";"0,0106"
Croatia;2014;"12,86";"12,1294";"0,7306"
Croatia;2015;"12,75";"12,1294";"0,6206"
Croatia;2016;"12,25";"12,1294";"0,1206"
Croatia;2017;"12,32";"12,1294";"0,1906"
Croatia;2018;"13,11";"12,1294";"0,9806"
Croatia;2019;"13,12";"12,1294";"0,9906"
Croatia;2020;"12,69";"12,1294";"0,5606"
Croatia;2021;"12,03";"12,1294";"-0,0994"
Croatia;2022;"13,2";"12,1294";"1,0706"
Croatia;2023;"13,42";"12,1294";"1,2906"
Denmark;1961;"8,63";"8,4417";"0,1883"
Denmark;1962;"7,06";"8,4417";"-1,3817"
Denmark;1963;"6,89";"8,4417";"-1,5517"
Denmark;1964;"7,7";"8,4417";"-0,7417"
Denmark;1965;"7,14";"8,4417";"-1,3017"
Denmark;1966;"7,26";"8,4417";"-1,1817"
Denmark;1967;"8,51";"8,4417";"0,0683"
Denmark;1968;"7,96";"8,4417";"-0,4817"
Denmark;1969;"7,55";"8,4417";"-0,8917"
Denmark;1970;"7,05";"8,4417";"-1,3917"
Denmark;1971;"8,33";"8,4417";"-0,1117"
Denmark;1972;"8,07";"8,4417";"-0,3717"
Denmark;1973;"8,32";"8,4417";"-0,1217"
Denmark;1974;"8,7";"8,4417";"0,2583"
Denmark;1975;"9,18";"8,4417";"0,7383"
Denmark;1976;"7,77";"8,4417";"-0,6717"
Denmark;1977;"7,98";"8,4417";"-0,4617"
Denmark;1978;"7,64";"8,4417";"-0,8017"
Denmark;1979;"6,79";"8,4417";"-1,6517"
Denmark;1980;"7,29";"8,4417";"-1,1517"
Denmark;1981;"7,43";"8,4417";"-1,0117"
Denmark;1982;"8,22";"8,4417";"-0,2217"
Denmark;1983;"8,65";"8,4417";"0,2083"
Denmark;1984;"8,18";"8,4417";"-0,2617"
Denmark;1985;"6,58";"8,4417";"-1,8617"
Denmark;1986;"7,22";"8,4417";"-1,2217"
Denmark;1987;"6,56";"8,4417";"-1,8817"
Denmark;1988;"8,54";"8,4417";"0,0983"
Denmark;1989;"9,43";"8,4417";"0,9883"
Denmark;1990;"9,56";"8,4417";"1,1183"
Denmark;1991;"8,38";"8,4417";"-0,0617"
Denmark;1992;"9,06";"8,4417";"0,6183"
Denmark;1993;"7,83";"8,4417";"-0,6117"
Denmark;1994;"8,72";"8,4417";"0,2783"
Denmark;1995;"8,35";"8,4417";"-0,0917"
Denmark;1996;"6,98";"8,4417";"-1,4617"
Denmark;1997;"8,52";"8,4417";"0,0783"
Denmark;1998;"8,22";"8,4417";"-0,2217"
Denmark;1999;"8,96";"8,4417";"0,5183"
Denmark;2000;"9,4";"8,4417";"0,9583"
Denmark;2001;"8,31";"8,4417";"-0,1317"
Denmark;2002;"9,11";"8,4417";"0,6683"
Denmark;2003;"8,68";"8,4417";"0,2383"
Denmark;2004;"8,71";"8,4417";"0,2683"
Denmark;2005;"8,84";"8,4417";"0,3983"
Denmark;2006;"9,38";"8,4417";"0,9383"
Denmark;2007;"9,47";"8,4417";"1,0283"
Denmark;2008;"9,53";"8,4417";"1,0883"
Denmark;2009;"8,89";"8,4417";"0,4483"
Denmark;2010;"7,12";"8,4417";"-1,3217"
Denmark;2011;"9,16";"8,4417";"0,7183"
Denmark;2012;"8,47";"8,4417";"0,0283"
Denmark;2013;"8,63";"8,4417";"0,1883"
Denmark;2014;"10,13";"8,4417";"1,6883"
Denmark;2015;"9,42";"8,4417";"0,9783"
Denmark;2016;"9,13";"8,4417";"0,6883"
Denmark;2017;"9,02";"8,4417";"0,5783"
Denmark;2018;"9,63";"8,4417";"1,1883"
Denmark;2019;"9,64";"8,4417";"1,1983"
Denmark;2020;"10,13";"8,4417";"1,6883"
Denmark;2021;"8,95";"8,4417";"0,5083"
Denmark;2022;"9,72";"8,4417";"1,2783"
Denmark;2023;"9,56";"8,4417";"1,1183"
Estonia;1992;"5,15";"6,1197";"-0,9697"
Estonia;1993;"4,97";"6,1197";"-1,1497"
Estonia;1994;"5,4";"6,1197";"-0,7197"
Estonia;1995;"5,56";"6,1197";"-0,5597"
Estonia;1996;"5,88";"6,1197";"-0,2397"
Estonia;1997;"5,45";"6,1197";"-0,6697"
Estonia;1998;"6,01";"6,1197";"-0,1097"
Estonia;1999;"5,73";"6,1197";"-0,3897"
Estonia;2000;"5,98";"6,1197";"-0,1397"
Estonia;2001;"5,88";"6,1197";"-0,2397"
Estonia;2002;"5,79";"6,1197";"-0,3297"
Estonia;2003;"6,12";"6,1197";"0,0003"
Estonia;2004;"5,97";"6,1197";"-0,1497"
Estonia;2005;"6,13";"6,1197";"0,0103"
Estonia;2006;"6,29";"6,1197";"0,1703"
Estonia;2007;"6,03";"6,1197";"-0,0897"
Estonia;2008;"6,49";"6,1197";"0,3703"
Estonia;2009;"6,06";"6,1197";"-0,0597"
Estonia;2010;"6,42";"6,1197";"0,3003"
Estonia;2011;"6,07";"6,1197";"-0,0497"
Estonia;2012;"6,21";"6,1197";"0,0903"
Estonia;2013;"6,52";"6,1197";"0,4003"
Estonia;2014;"6,7";"6,1197";"0,5803"
Estonia;2015;"6,06";"6,1197";"-0,0597"
Estonia;2016;"6,16";"6,1197";"0,0403"
Estonia;2017;"6,42";"6,1197";"0,3003"
Estonia;2018;"6,42";"6,1197";"0,3003"
Estonia;2019;"6,2";"6,1197";"0,0803"
Estonia;2020;"6,16";"6,1197";"0,0403"
Estonia;2021;"6,86";"6,1197";"0,7403"
Estonia;2022;"6,84";"6,1197";"0,7203"
Estonia;2023;"7,05";"6,1197";"0,9303"
Finland;1961;"2,74";"1,9491";"0,7909"
Finland;1962;"0,77";"1,9491";"-1,1791"
Finland;1963;"1,09";"1,9491";"-0,8591"
Finland;1964;"1,68";"1,9491";"-0,2691"
Finland;1965;"0,75";"1,9491";"-1,1991"
Finland;1966;"-0,37";"1,9491";"-2,3191"
Finland;1967;"1,83";"1,9491";"-0,1191"
Finland;1968;"0,36";"1,9491";"-1,5891"
Finland;1969;"0,35";"1,9491";"-1,5991"
Finland;1970;"1,05";"1,9491";"-0,8991"
Finland;1971;"0,81";"1,9491";"-1,1391"
Finland;1972;"2,6";"1,9491";"0,6509"
Finland;1973;"1,48";"1,9491";"-0,4691"
Finland;1974;"3,07";"1,9491";"1,1209"
Finland;1975;"2,85";"1,9491";"0,9009"
Finland;1976;"0,19";"1,9491";"-1,7591"
Finland;1977;"1,02";"1,9491";"-0,9291"
Finland;1978;"-0,04";"1,9491";"-1,9891"
Finland;1979;"1,21";"1,9491";"-0,7391"
Finland;1980;"0,62";"1,9491";"-1,3291"
Finland;1981;"0,77";"1,9491";"-1,1791"
Finland;1982;"1,66";"1,9491";"-0,2891"
Finland;1983;"1,87";"1,9491";"-0,0791"
Finland;1984;"2,17";"1,9491";"0,2209"
Finland;1985;"-0,64";"1,9491";"-2,5891"
Finland;1986;"1,02";"1,9491";"-0,9291"
Finland;1987;"-0,35";"1,9491";"-2,2991"
Finland;1988;"1,63";"1,9491";"-0,3191"
Finland;1989;"3,44";"1,9491";"1,4909"
Finland;1990;"2,74";"1,9491";"0,7909"
Finland;1991;"2,2";"1,9491";"0,2509"
Finland;1992;"2,53";"1,9491";"0,5809"
Finland;1993;"1,6";"1,9491";"-0,3491"
Finland;1994;"1,62";"1,9491";"-0,3291"
Finland;1995;"2,18";"1,9491";"0,2309"
Finland;1996;"1,42";"1,9491";"-0,5291"
Finland;1997;"2,07";"1,9491";"0,1209"
Finland;1998;"1,14";"1,9491";"-0,8091"
Finland;1999;"2,19";"1,9491";"0,2409"
Finland;2000;"3,28";"1,9491";"1,3309"
Finland;2001;"1,88";"1,9491";"-0,0691"
Finland;2002;2;"1,9491";"0,0509"
Finland;2003;"2,22";"1,9491";"0,2709"
Finland;2004;"2,3";"1,9491";"0,3509"
Finland;2005;"2,95";"1,9491";"1,0009"
Finland;2006;"2,76";"1,9491";"0,8109"
Finland;2007;"2,95";"1,9491";"1,0009"
Finland;2008;"3,04";"1,9491";"1,0909"
Finland;2009;"2,23";"1,9491";"0,2809"
Finland;2010;"0,92";"1,9491";"-1,0291"
Finland;2011;"3,38";"1,9491";"1,4309"
Finland;2012;"1,63";"1,9491";"-0,3191"
Finland;2013;"3,17";"1,9491";"1,2209"
Finland;2014;"3,33";"1,9491";"1,3809"
Finland;2015;"3,59";"1,9491";"1,6409"
Finland;2016;"2,96";"1,9491";"1,0109"
Finland;2017;"2,46";"1,9491";"0,5109"
Finland;2018;"3,26";"1,9491";"1,3109"
Finland;2019;"2,79";"1,9491";"0,8409"
Finland;2020;"4,22";"1,9491";"2,2709"
Finland;2021;"2,37";"1,9491";"0,4209"
Finland;2022;"3,27";"1,9491";"1,3209"
Finland;2023;"2,87";"1,9491";"0,9209"
France;1961;"11,33";"11,1919";"0,1381"
France;1962;"9,78";"11,1919";"-1,4119"
France;1963;"9,45";"11,1919";"-1,7419"
France;1964;"10,5";"11,1919";"-0,6919"
France;1965;"9,99";"11,1919";"-1,2019"
France;1966;"10,76";"11,1919";"-0,4319"
France;1967;"10,72";"11,1919";"-0,4719"
France;1968;"10,31";"11,1919";"-0,8819"
France;1969;"10,24";"11,1919";"-0,9519"
France;1970;"10,32";"11,1919";"-0,8719"
France;1971;"10,44";"11,1919";"-0,7519"
France;1972;"10,06";"11,1919";"-1,1319"
France;1973;"10,39";"11,1919";"-0,8019"
France;1974;"10,72";"11,1919";"-0,4719"
France;1975;"10,63";"11,1919";"-0,5619"
France;1976;"10,86";"11,1919";"-0,3319"
France;1977;"10,65";"11,1919";"-0,5419"
France;1978;"10,1";"11,1919";"-1,0919"
France;1979;"10,36";"11,1919";"-0,8319"
France;1980;"9,92";"11,1919";"-1,2719"
France;1981;"10,62";"11,1919";"-0,5719"
France;1982;"11,3";"11,1919";"0,1081"
France;1983;"11,14";"11,1919";"-0,0519"
France;1984;"10,35";"11,1919";"-0,8419"
France;1985;"10,07";"11,1919";"-1,1219"
France;1986;"10,38";"11,1919";"-0,8119"
France;1987;"10,21";"11,1919";"-0,9819"
France;1988;"11,18";"11,1919";"-0,0119"
France;1989;"11,72";"11,1919";"0,5281"
France;1990;"11,72";"11,1919";"0,5281"
France;1991;"10,76";"11,1919";"-0,4319"
France;1992;"11,16";"11,1919";"-0,0319"
France;1993;"10,82";"11,1919";"-0,3719"
France;1994;"12,02";"11,1919";"0,8281"
France;1995;"11,5";"11,1919";"0,3081"
France;1996;"10,46";"11,1919";"-0,7319"
France;1997;"11,74";"11,1919";"0,5481"
France;1998;"11,32";"11,1919";"0,1281"
France;1999;"11,7";"11,1919";"0,5081"
France;2000;"11,91";"11,1919";"0,7181"
France;2001;"11,42";"11,1919";"0,2281"
France;2002;"11,85";"11,1919";"0,6581"
France;2003;"11,83";"11,1919";"0,6381"
France;2004;"11,34";"11,1919";"0,1481"
France;2005;"11,33";"11,1919";"0,1381"
France;2006;"11,89";"11,1919";"0,6981"
France;2007;"11,69";"11,1919";"0,4981"
France;2008;"11,36";"11,1919";"0,1681"
France;2009;"11,69";"11,1919";"0,4981"
France;2010;"10,6";"11,1919";"-0,5919"
France;2011;"12,28";"11,1919";"1,0881"
France;2012;"11,55";"11,1919";"0,3581"
France;2013;"11,1";"11,1919";"-0,0919"
France;2014;"12,5";"11,1919";"1,3081"
France;2015;"12,25";"11,1919";"1,0581"
France;2016;"11,79";"11,1919";"0,5981"
France;2017;"11,98";"11,1919";"0,7881"
France;2018;"12,67";"11,1919";"1,4781"
France;2019;"12,39";"11,1919";"1,1981"
France;2020;"12,73";"11,1919";"1,5381"
France;2021;"11,58";"11,1919";"0,3881"
France;2022;"13,18";"11,1919";"1,9881"
France;2023;"13,02";"11,1919";"1,8281"
Germany;1961;"9,1";"9,1241";"-0,0241"
Germany;1962;"7,41";"9,1241";"-1,7141"
Germany;1963;"7,35";"9,1241";"-1,7741"
Germany;1964;"8,27";"9,1241";"-0,8541"
Germany;1965;"7,7";"9,1241";"-1,4241"
Germany;1966;"8,63";"9,1241";"-0,4941"
Germany;1967;"9,12";"9,1241";"-0,0041"
Germany;1968;"8,37";"9,1241";"-0,7541"
Germany;1969;"7,96";"9,1241";"-1,1641"
Germany;1970;"7,91";"9,1241";"-1,2141"
Germany;1971;"8,67";"9,1241";"-0,4541"
Germany;1972;"8,08";"9,1241";"-1,0441"
Germany;1973;"8,45";"9,1241";"-0,6741"
Germany;1974;"9,02";"9,1241";"-0,1041"
Germany;1975;"9,13";"9,1241";"0,0059"
Germany;1976;"8,57";"9,1241";"-0,5541"
Germany;1977;"8,79";"9,1241";"-0,3341"
Germany;1978;"8,02";"9,1241";"-1,1041"
Germany;1979;"7,97";"9,1241";"-1,1541"
Germany;1980;"7,75";"9,1241";"-1,3741"
Germany;1981;"8,43";"9,1241";"-0,6941"
Germany;1982;"9,16";"9,1241";"0,0359"
Germany;1983;"9,35";"9,1241";"0,2259"
Germany;1984;"8,25";"9,1241";"-0,8741"
Germany;1985;"7,74";"9,1241";"-1,3841"
Germany;1986;"8,21";"9,1241";"-0,9141"
Germany;1987;"7,68";"9,1241";"-1,4441"
Germany;1988;"9,28";"9,1241";"0,1559"
Germany;1989;"9,78";"9,1241";"0,6559"
Germany;1990;"9,81";"9,1241";"0,6859"
Germany;1991;"8,72";"9,1241";"-0,4041"
Germany;1992;"9,64";"9,1241";"0,5159"
Germany;1993;"8,75";"9,1241";"-0,3741"
Germany;1994;"9,93";"9,1241";"0,8059"
Germany;1995;"9,14";"9,1241";"0,0159"
Germany;1996;"7,51";"9,1241";"-1,6141"
Germany;1997;"9,13";"9,1241";"0,0059"
Germany;1998;"9,29";"9,1241";"0,1659"
Germany;1999;"9,75";"9,1241";"0,6259"
Germany;2000;"10,14";"9,1241";"1,0159"
Germany;2001;"9,2";"9,1241";"0,0759"
Germany;2002;"9,75";"9,1241";"0,6259"
Germany;2003;"9,51";"9,1241";"0,3859"
Germany;2004;"9,17";"9,1241";"0,0459"
Germany;2005;"9,22";"9,1241";"0,0959"
Germany;2006;"9,75";"9,1241";"0,6259"
Germany;2007;"10,1";"9,1241";"0,9759"
Germany;2008;"9,81";"9,1241";"0,6859"
Germany;2009;"9,55";"9,1241";"0,4259"
Germany;2010;"8,23";"9,1241";"-0,8941"
Germany;2011;"10,02";"9,1241";"0,8959"
Germany;2012;"9,46";"9,1241";"0,3359"
Germany;2013;"9,09";"9,1241";"-0,0341"
Germany;2014;"10,64";"9,1241";"1,5159"
Germany;2015;"10,33";"9,1241";"1,2059"
Germany;2016;"9,86";"9,1241";"0,7359"
Germany;2017;"9,9";"9,1241";"0,7759"
Germany;2018;"10,73";"9,1241";"1,6059"
Germany;2019;"10,56";"9,1241";"1,4359"
Germany;2020;"10,75";"9,1241";"1,6259"
Germany;2021;"9,48";"9,1241";"0,3559"
Germany;2022;"10,79";"9,1241";"1,6659"
Germany;2023;"10,89";"9,1241";"1,7659"
Greece;1961;14;"14,0677";"-0,0677"
Greece;1962;"14,25";"14,0677";"0,1823"
Greece;1963;"13,96";"14,0677";"-0,1077"
Greece;1964;"13,28";"14,0677";"-0,7877"
Greece;1965;"13,38";"14,0677";"-0,6877"
Greece;1966;"14,5";"14,0677";"0,4323"
Greece;1967;"13,52";"14,0677";"-0,5477"
Greece;1968;"13,79";"14,0677";"-0,2777"
Greece;1969;"13,56";"14,0677";"-0,5077"
Greece;1970;"13,89";"14,0677";"-0,1777"
Greece;1971;"13,44";"14,0677";"-0,6277"
Greece;1972;"13,41";"14,0677";"-0,6577"
Greece;1973;"13,47";"14,0677";"-0,5977"
Greece;1974;"13,42";"14,0677";"-0,6477"
Greece;1975;"13,51";"14,0677";"-0,5577"
Greece;1976;"12,89";"14,0677";"-1,1777"
Greece;1977;"13,87";"14,0677";"-0,1977"
Greece;1978;"13,29";"14,0677";"-0,7777"
Greece;1979;"13,88";"14,0677";"-0,1877"
Greece;1980;"13,12";"14,0677";"-0,9477"
Greece;1981;"13,69";"14,0677";"-0,3777"
Greece;1982;"13,32";"14,0677";"-0,7477"
Greece;1983;"13,29";"14,0677";"-0,7777"
Greece;1984;"13,41";"14,0677";"-0,6577"
Greece;1985;"13,53";"14,0677";"-0,5377"
Greece;1986;"13,75";"14,0677";"-0,3177"
Greece;1987;"13,29";"14,0677";"-0,7777"
Greece;1988;"13,63";"14,0677";"-0,4377"
Greece;1989;"13,58";"14,0677";"-0,4877"
Greece;1990;"14,09";"14,0677";"0,0223"
Greece;1991;"13,04";"14,0677";"-1,0277"
Greece;1992;"13,26";"14,0677";"-0,8077"
Greece;1993;"13,44";"14,0677";"-0,6277"
Greece;1994;"14,56";"14,0677";"0,4923"
Greece;1995;"13,76";"14,0677";"-0,3077"
Greece;1996;"13,42";"14,0677";"-0,6477"
Greece;1997;"13,32";"14,0677";"-0,7477"
Greece;1998;"14,17";"14,0677";"0,1023"
Greece;1999;"14,77";"14,0677";"0,7023"
Greece;2000;"14,4";"14,0677";"0,3323"
Greece;2001;"14,68";"14,0677";"0,6123"
Greece;2002;"14,37";"14,0677";"0,3023"
Greece;2003;"14,02";"14,0677";"-0,0477"
Greece;2004;"14,15";"14,0677";"0,0823"
Greece;2005;"13,83";"14,0677";"-0,2377"
Greece;2006;"13,79";"14,0677";"-0,2777"
Greece;2007;"14,72";"14,0677";"0,6523"
Greece;2008;"14,64";"14,0677";"0,5723"
Greece;2009;"14,56";"14,0677";"0,4923"
Greece;2010;"15,03";"14,0677";"0,9623"
Greece;2011;"13,84";"14,0677";"-0,2277"
Greece;2012;"14,77";"14,0677";"0,7023"
Greece;2013;"14,84";"14,0677";"0,7723"
Greece;2014;"14,8";"14,0677";"0,7323"
Greece;2015;"14,48";"14,0677";"0,4123"
Greece;2016;"14,94";"14,0677";"0,8723"
Greece;2017;"14,63";"14,0677";"0,5623"
Greece;2018;"15,36";"14,0677";"1,2923"
Greece;2019;"15,4";"14,0677";"1,3323"
Greece;2020;"15,28";"14,0677";"1,2123"
Greece;2021;"15,23";"14,0677";"1,1623"
Greece;2022;"15,06";"14,0677";"0,9923"
Greece;2023;"15,71";"14,0677";"1,6423"
Hungary;1961;"11,14";"11,0786";"0,0614"
Hungary;1962;"9,76";"11,0786";"-1,3186"
Hungary;1963;"9,82";"11,0786";"-1,2586"
Hungary;1964;"9,77";"11,0786";"-1,3086"
Hungary;1965;"9,6";"11,0786";"-1,4786"
Hungary;1966;"10,98";"11,0786";"-0,0986"
Hungary;1967;"10,8";"11,0786";"-0,2786"
Hungary;1968;"10,63";"11,0786";"-0,4486"
Hungary;1969;"9,96";"11,0786";"-1,1186"
Hungary;1970;"10,1";"11,0786";"-0,9786"
Hungary;1971;"10,44";"11,0786";"-0,6386"
Hungary;1972;"10,49";"11,0786";"-0,5886"
Hungary;1973;"10,25";"11,0786";"-0,8286"
Hungary;1974;"10,81";"11,0786";"-0,2686"
Hungary;1975;"10,92";"11,0786";"-0,1586"
Hungary;1976;"10,09";"11,0786";"-0,9886"
Hungary;1977;"10,76";"11,0786";"-0,3186"
Hungary;1978;"9,62";"11,0786";"-1,4586"
Hungary;1979;"10,67";"11,0786";"-0,4086"
Hungary;1980;"9,36";"11,0786";"-1,7186"
Hungary;1981;"10,61";"11,0786";"-0,4686"
Hungary;1982;"10,7";"11,0786";"-0,3786"
Hungary;1983;"11,17";"11,0786";"0,0914"
Hungary;1984;"10,17";"11,0786";"-0,9086"
Hungary;1985;"9,63";"11,0786";"-1,4486"
Hungary;1986;"10,34";"11,0786";"-0,7386"
Hungary;1987;"10,01";"11,0786";"-1,0686"
Hungary;1988;"10,78";"11,0786";"-0,2986"
Hungary;1989;"11,08";"11,0786";"0,0014"
Hungary;1990;"11,34";"11,0786";"0,2614"
Hungary;1991;"10,2";"11,0786";"-0,8786"
Hungary;1992;"11,42";"11,0786";"0,3414"
Hungary;1993;"10,67";"11,0786";"-0,4086"
Hungary;1994;"12,07";"11,0786";"0,9914"
Hungary;1995;"10,88";"11,0786";"-0,1986"
Hungary;1996;"9,94";"11,0786";"-1,1386"
Hungary;1997;"10,5";"11,0786";"-0,5786"
Hungary;1998;"10,98";"11,0786";"-0,0986"
Hungary;1999;"11,17";"11,0786";"0,0914"
Hungary;2000;"12,17";"11,0786";"1,0914"
Hungary;2001;"11,11";"11,0786";"0,0314"
Hungary;2002;"11,93";"11,0786";"0,8514"
Hungary;2003;"11,18";"11,0786";"0,1014"
Hungary;2004;"10,86";"11,0786";"-0,2186"
Hungary;2005;"10,53";"11,0786";"-0,5486"
Hungary;2006;"11,18";"11,0786";"0,1014"
Hungary;2007;"12,28";"11,0786";"1,2014"
Hungary;2008;"12,09";"11,0786";"1,0114"
Hungary;2009;"11,97";"11,0786";"0,8914"
Hungary;2010;"10,95";"11,0786";"-0,1286"
Hungary;2011;"11,56";"11,0786";"0,4814"
Hungary;2012;"11,95";"11,0786";"0,8714"
Hungary;2013;"11,77";"11,0786";"0,6914"
Hungary;2014;"12,62";"11,0786";"1,5414"
Hungary;2015;"12,44";"11,0786";"1,3614"
Hungary;2016;"11,84";"11,0786";"0,7614"
Hungary;2017;"11,96";"11,0786";"0,8814"
Hungary;2018;"12,82";"11,0786";"1,7414"
Hungary;2019;"12,91";"11,0786";"1,8314"
Hungary;2020;"12,33";"11,0786";"1,2514"
Hungary;2021;"11,63";"11,0786";"0,5514"
Hungary;2022;"12,69";"11,0786";"1,6114"
Hungary;2023;"13,1";"11,0786";"2,0214"
Ireland;1961;"9,45";"9,5589";"-0,1089"
Ireland;1962;"8,52";"9,5589";"-1,0389"
Ireland;1963;"8,41";"9,5589";"-1,1489"
Ireland;1964;"9,28";"9,5589";"-0,2789"
Ireland;1965;"8,63";"9,5589";"-0,9289"
Ireland;1966;"9,15";"9,5589";"-0,4089"
Ireland;1967;"9,19";"9,5589";"-0,3689"
Ireland;1968;"9,12";"9,5589";"-0,4389"
Ireland;1969;"8,97";"9,5589";"-0,5889"
Ireland;1970;"9,19";"9,5589";"-0,3689"
Ireland;1971;"9,7";"9,5589";"0,1411"
Ireland;1972;"8,91";"9,5589";"-0,6489"
Ireland;1973;"9,43";"9,5589";"-0,1289"
Ireland;1974;"9,15";"9,5589";"-0,4089"
Ireland;1975;"9,71";"9,5589";"0,1511"
Ireland;1976;"9,55";"9,5589";"-0,0089"
Ireland;1977;"9,19";"9,5589";"-0,3689"
Ireland;1978;"9,22";"9,5589";"-0,3389"
Ireland;1979;"8,52";"9,5589";"-1,0389"
Ireland;1980;"9,14";"9,5589";"-0,4189"
Ireland;1981;"9,15";"9,5589";"-0,4089"
Ireland;1982;"9,48";"9,5589";"-0,0789"
Ireland;1983;"9,69";"9,5589";"0,1311"
Ireland;1984;"9,4";"9,5589";"-0,1589"
Ireland;1985;"8,68";"9,5589";"-0,8789"
Ireland;1986;"8,41";"9,5589";"-1,1489"
Ireland;1987;9;"9,5589";"-0,5589"
Ireland;1988;"9,55";"9,5589";"-0,0089"
Ireland;1989;"10,02";"9,5589";"0,4611"
Ireland;1990;"10,1";"9,5589";"0,5411"
Ireland;1991;"9,45";"9,5589";"-0,1089"
Ireland;1992;"9,46";"9,5589";"-0,0989"
Ireland;1993;"9,21";"9,5589";"-0,3489"
Ireland;1994;"9,61";"9,5589";"0,0511"
Ireland;1995;"10,14";"9,5589";"0,5811"
Ireland;1996;"9,16";"9,5589";"-0,3989"
Ireland;1997;"10,29";"9,5589";"0,7311"
Ireland;1998;"10,06";"9,5589";"0,5011"
Ireland;1999;"10,12";"9,5589";"0,5611"
Ireland;2000;"9,76";"9,5589";"0,2011"
Ireland;2001;"9,64";"9,5589";"0,0811"
Ireland;2002;"10,04";"9,5589";"0,4811"
Ireland;2003;"10,12";"9,5589";"0,5611"
Ireland;2004;"10,02";"9,5589";"0,4611"
Ireland;2005;"10,08";"9,5589";"0,5211"
Ireland;2006;"10,23";"9,5589";"0,6711"
Ireland;2007;"10,34";"9,5589";"0,7811"
Ireland;2008;"9,71";"9,5589";"0,1511"
Ireland;2009;"9,75";"9,5589";"0,1911"
Ireland;2010;"8,77";"9,5589";"-0,7889"
Ireland;2011;"9,87";"9,5589";"0,3111"
Ireland;2012;"9,54";"9,5589";"-0,0189"
Ireland;2013;"9,57";"9,5589";"0,0111"
Ireland;2014;"10,24";"9,5589";"0,6811"
Ireland;2015;"9,55";"9,5589";"-0,0089"
Ireland;2016;"9,85";"9,5589";"0,2911"
Ireland;2017;"10,11";"9,5589";"0,5511"
Ireland;2018;"9,83";"9,5589";"0,2711"
Ireland;2019;"9,99";"9,5589";"0,4311"
Ireland;2020;"9,94";"9,5589";"0,3811"
Ireland;2021;"10,02";"9,5589";"0,4611"
Ireland;2022;"10,49";"9,5589";"0,9311"
Ireland;2023;"10,65";"9,5589";"1,0911"
Italy;1961;"12,89";"12,8314";"0,0586"
Italy;1962;"11,79";"12,8314";"-1,0414"
Italy;1963;"11,8";"12,8314";"-1,0314"
Italy;1964;"12,24";"12,8314";"-0,5914"
Italy;1965;"11,67";"12,8314";"-1,1614"
Italy;1966;"12,34";"12,8314";"-0,4914"
Italy;1967;"12,37";"12,8314";"-0,4614"
Italy;1968;"12,08";"12,8314";"-0,7514"
Italy;1969;"11,89";"12,8314";"-0,9414"
Italy;1970;"11,97";"12,8314";"-0,8614"
Italy;1971;"12,09";"12,8314";"-0,7414"
Italy;1972;"11,94";"12,8314";"-0,8914"
Italy;1973;"12,03";"12,8314";"-0,8014"
Italy;1974;"12,19";"12,8314";"-0,6414"
Italy;1975;"12,24";"12,8314";"-0,5914"
Italy;1976;"11,88";"12,8314";"-0,9514"
Italy;1977;"12,42";"12,8314";"-0,4114"
Italy;1978;"11,66";"12,8314";"-1,1714"
Italy;1979;"12,23";"12,8314";"-0,6014"
Italy;1980;"11,53";"12,8314";"-1,3014"
Italy;1981;"12,1";"12,8314";"-0,7314"
Italy;1982;"12,82";"12,8314";"-0,0114"
Italy;1983;"12,6";"12,8314";"-0,2314"
Italy;1984;"11,84";"12,8314";"-0,9914"
Italy;1985;"12,19";"12,8314";"-0,6414"
Italy;1986;"12,44";"12,8314";"-0,3914"
Italy;1987;"12,32";"12,8314";"-0,5114"
Italy;1988;"12,83";"12,8314";"-0,0014"
Italy;1989;"12,84";"12,8314";"0,0086"
Italy;1990;"13,06";"12,8314";"0,2286"
Italy;1991;"12,25";"12,8314";"-0,5814"
Italy;1992;"12,91";"12,8314";"0,0786"
Italy;1993;"12,64";"12,8314";"-0,1914"
Italy;1994;"13,69";"12,8314";"0,8586"
Italy;1995;"12,66";"12,8314";"-0,1714"
Italy;1996;"12,19";"12,8314";"-0,6414"
Italy;1997;"13,15";"12,8314";"0,3186"
Italy;1998;"12,93";"12,8314";"0,0986"
Italy;1999;"13,15";"12,8314";"0,3186"
Italy;2000;"13,47";"12,8314";"0,6386"
Italy;2001;"13,16";"12,8314";"0,3286"
Italy;2002;"13,45";"12,8314";"0,6186"
Italy;2003;"13,48";"12,8314";"0,6486"
Italy;2004;"12,9";"12,8314";"0,0686"
Italy;2005;"12,57";"12,8314";"-0,2614"
Italy;2006;"13,3";"12,8314";"0,4686"
Italy;2007;"13,45";"12,8314";"0,6186"
Italy;2008;"13,29";"12,8314";"0,4586"
Italy;2009;"13,37";"12,8314";"0,5386"
Italy;2010;"12,68";"12,8314";"-0,1514"
Italy;2011;"13,65";"12,8314";"0,8186"
Italy;2012;"13,45";"12,8314";"0,6186"
Italy;2013;"13,12";"12,8314";"0,2886"
Italy;2014;"13,98";"12,8314";"1,1486"
Italy;2015;"13,89";"12,8314";"1,0586"
Italy;2016;"13,61";"12,8314";"0,7786"
Italy;2017;"13,51";"12,8314";"0,6786"
Italy;2018;"14,19";"12,8314";"1,3586"
Italy;2019;"13,97";"12,8314";"1,1386"
Italy;2020;"13,99";"12,8314";"1,1586"
Italy;2021;"13,44";"12,8314";"0,6086"
Italy;2022;"14,46";"12,8314";"1,6286"
Italy;2023;"14,39";"12,8314";"1,5586"
Latvia;1992;"6,95";"6,9688";"-0,0188"
Latvia;1993;"5,84";"6,9688";"-1,1288"
Latvia;1994;"6,27";"6,9688";"-0,6988"
Latvia;1995;"6,52";"6,9688";"-0,4488"
Latvia;1996;"5,1";"6,9688";"-1,8688"
Latvia;1997;"6,32";"6,9688";"-0,6488"
Latvia;1998;"6,1";"6,9688";"-0,8688"
Latvia;1999;"7,17";"6,9688";"0,2012"
Latvia;2000;"7,57";"6,9688";"0,6012"
Latvia;2001;"6,61";"6,9688";"-0,3588"
Latvia;2002;"7,09";"6,9688";"0,1212"
Latvia;2003;"6,3";"6,9688";"-0,6688"
Latvia;2004;"6,38";"6,9688";"-0,5888"
Latvia;2005;"6,5";"6,9688";"-0,4688"
Latvia;2006;"6,96";"6,9688";"-0,0088"
Latvia;2007;"7,35";"6,9688";"0,3812"
Latvia;2008;"7,69";"6,9688";"0,7212"
Latvia;2009;"6,62";"6,9688";"-0,3488"
Latvia;2010;"5,7";"6,9688";"-1,2688"
Latvia;2011;"7,23";"6,9688";"0,2612"
Latvia;2012;"6,26";"6,9688";"-0,7088"
Latvia;2013;"7,07";"6,9688";"0,1012"
Latvia;2014;"7,42";"6,9688";"0,4512"
Latvia;2015;"7,94";"6,9688";"0,9712"
Latvia;2016;"7,12";"6,9688";"0,1512"
Latvia;2017;"6,98";"6,9688";"0,0112"
Latvia;2018;"7,61";"6,9688";"0,6412"
Latvia;2019;"8,05";"6,9688";"1,0812"
Latvia;2020;"8,58";"6,9688";"1,6112"
Latvia;2021;"6,83";"6,9688";"-0,1388"
Latvia;2022;"7,47";"6,9688";"0,5012"
Latvia;2023;"7,86";"6,9688";"0,8912"
Lithuania;1992;"7,44";"7,5061";"-0,0661"
Lithuania;1993;"6,35";"7,5061";"-1,1561"
Lithuania;1994;"6,89";"7,5061";"-0,6161"
Lithuania;1995;7;"7,5061";"-0,5061"
Lithuania;1996;"5,53";"7,5061";"-1,9761"
Lithuania;1997;"6,68";"7,5061";"-0,8261"
Lithuania;1998;"6,65";"7,5061";"-0,8561"
Lithuania;1999;"7,73";"7,5061";"0,2239"
Lithuania;2000;"8,08";"7,5061";"0,5739"
Lithuania;2001;"7,14";"7,5061";"-0,3661"
Lithuania;2002;"7,73";"7,5061";"0,2239"
Lithuania;2003;"6,83";"7,5061";"-0,6761"
Lithuania;2004;"6,87";"7,5061";"-0,6361"
Lithuania;2005;"6,95";"7,5061";"-0,5561"
Lithuania;2006;"7,33";"7,5061";"-0,1761"
Lithuania;2007;"7,87";"7,5061";"0,3639"
Lithuania;2008;"8,17";"7,5061";"0,6639"
Lithuania;2009;"7,19";"7,5061";"-0,3161"
Lithuania;2010;"6,42";"7,5061";"-1,0861"
Lithuania;2011;"7,68";"7,5061";"0,1739"
Lithuania;2012;"6,85";"7,5061";"-0,6561"
Lithuania;2013;"7,59";"7,5061";"0,0839"
Lithuania;2014;"7,91";"7,5061";"0,4039"
Lithuania;2015;"8,49";"7,5061";"0,9839"
Lithuania;2016;"7,73";"7,5061";"0,2239"
Lithuania;2017;"7,56";"7,5061";"0,0539"
Lithuania;2018;"8,18";"7,5061";"0,6739"
Lithuania;2019;"8,71";"7,5061";"1,2039"
Lithuania;2020;"9,07";"7,5061";"1,5639"
Lithuania;2021;"7,3";"7,5061";"-0,2061"
Lithuania;2022;"7,99";"7,5061";"0,4839"
Lithuania;2023;"8,58";"7,5061";"1,0739"
Montenegro;2006;"9,63";"10,4989";"-0,8689"
Montenegro;2007;"10,44";"10,4989";"-0,0589"
Montenegro;2008;"10,31";"10,4989";"-0,1889"
Montenegro;2009;"10,26";"10,4989";"-0,2389"
Montenegro;2010;"9,45";"10,4989";"-1,0489"
Montenegro;2011;"10,02";"10,4989";"-0,4789"
Montenegro;2012;"10,32";"10,4989";"-0,1789"
Montenegro;2013;"10,2";"10,4989";"-0,2989"
Montenegro;2014;"10,82";"10,4989";"0,3211"
Montenegro;2015;"10,67";"10,4989";"0,1711"
Montenegro;2016;"10,2";"10,4989";"-0,2989"
Montenegro;2017;"10,29";"10,4989";"-0,2089"
Montenegro;2018;"11,02";"10,4989";"0,5211"
Montenegro;2019;"11,14";"10,4989";"0,6411"
Montenegro;2020;"10,65";"10,4989";"0,1511"
Montenegro;2021;"10,06";"10,4989";"-0,4389"
Montenegro;2022;"10,99";"10,4989";"0,4911"
Montenegro;2023;"11,3";"10,4989";"0,8011"
Netherlands;1961;"9,95";"10,0205";"-0,0705"
Netherlands;1962;"8,23";"10,0205";"-1,7905"
Netherlands;1963;"7,96";"10,0205";"-2,0605"
Netherlands;1964;"9,13";"10,0205";"-0,8905"
Netherlands;1965;"8,68";"10,0205";"-1,3405"
Netherlands;1966;"9,45";"10,0205";"-0,5705"
Netherlands;1967;"9,97";"10,0205";"-0,0505"
Netherlands;1968;"9,2";"10,0205";"-0,8205"
Netherlands;1969;"9,15";"10,0205";"-0,8705"
Netherlands;1970;"9,05";"10,0205";"-0,9705"
Netherlands;1971;"9,69";"10,0205";"-0,3305"
Netherlands;1972;9;"10,0205";"-1,0205"
Netherlands;1973;"9,47";"10,0205";"-0,5505"
Netherlands;1974;"9,81";"10,0205";"-0,2105"
Netherlands;1975;"9,92";"10,0205";"-0,1005"
Netherlands;1976;"9,75";"10,0205";"-0,2705"
Netherlands;1977;"9,66";"10,0205";"-0,3605"
Netherlands;1978;"8,99";"10,0205";"-1,0305"
Netherlands;1979;"8,6";"10,0205";"-1,4205"
Netherlands;1980;"8,95";"10,0205";"-1,0705"
Netherlands;1981;"9,28";"10,0205";"-0,7405"
Netherlands;1982;"10,04";"10,0205";"0,0195"
Netherlands;1983;"10,16";"10,0205";"0,1395"
Netherlands;1984;"9,33";"10,0205";"-0,6905"
Netherlands;1985;"8,54";"10,0205";"-1,4805"
Netherlands;1986;"8,98";"10,0205";"-1,0405"
Netherlands;1987;"8,61";"10,0205";"-1,4105"
Netherlands;1988;"10,21";"10,0205";"0,1895"
Netherlands;1989;"10,74";"10,0205";"0,7195"
Netherlands;1990;"10,79";"10,0205";"0,7695"
Netherlands;1991;"9,59";"10,0205";"-0,4305"
Netherlands;1992;"10,48";"10,0205";"0,4595"
Netherlands;1993;"9,59";"10,0205";"-0,4305"
Netherlands;1994;"10,66";"10,0205";"0,6395"
Netherlands;1995;"10,29";"10,0205";"0,2695"
Netherlands;1996;"8,41";"10,0205";"-1,6105"
Netherlands;1997;"10,1";"10,0205";"0,0795"
Netherlands;1998;"10,21";"10,0205";"0,1895"
Netherlands;1999;"10,86";"10,0205";"0,8395"
Netherlands;2000;"10,86";"10,0205";"0,8395"
Netherlands;2001;"10,23";"10,0205";"0,2095"
Netherlands;2002;"10,69";"10,0205";"0,6695"
Netherlands;2003;"10,52";"10,0205";"0,4995"
Netherlands;2004;"10,26";"10,0205";"0,2395"
Netherlands;2005;"10,47";"10,0205";"0,4495"
Netherlands;2006;"10,82";"10,0205";"0,7995"
Netherlands;2007;"11,06";"10,0205";"1,0395"
Netherlands;2008;"10,61";"10,0205";"0,5895"
Netherlands;2009;"10,45";"10,0205";"0,4295"
Netherlands;2010;"9,04";"10,0205";"-0,9805"
Netherlands;2011;"10,87";"10,0205";"0,8495"
Netherlands;2012;"10,23";"10,0205";"0,2095"
Netherlands;2013;"9,8";"10,0205";"-0,2205"
Netherlands;2014;"11,59";"10,0205";"1,5695"
Netherlands;2015;"10,92";"10,0205";"0,8995"
Netherlands;2016;"10,67";"10,0205";"0,6495"
Netherlands;2017;"10,85";"10,0205";"0,8295"
Netherlands;2018;"11,43";"10,0205";"1,4095"
Netherlands;2019;"11,29";"10,0205";"1,2695"
Netherlands;2020;"11,66";"10,0205";"1,6395"
Netherlands;2021;"10,39";"10,0205";"0,3695"
Netherlands;2022;"11,67";"10,0205";"1,6495"
Netherlands;2023;"11,68";"10,0205";"1,6595"
Norway;1961;"2,2";"1,7717";"0,4283"
Norway;1962;"0,48";"1,7717";"-1,2917"
Norway;1963;"0,96";"1,7717";"-0,8117"
Norway;1964;"1,56";"1,7717";"-0,2117"
Norway;1965;"0,49";"1,7717";"-1,2817"
Norway;1966;"-0,07";"1,7717";"-1,8417"
Norway;1967;"1,55";"1,7717";"-0,2217"
Norway;1968;"0,52";"1,7717";"-1,2517"
Norway;1969;"0,75";"1,7717";"-1,0217"
Norway;1970;"0,66";"1,7717";"-1,1117"
Norway;1971;"1,23";"1,7717";"-0,5417"
Norway;1972;2;"1,7717";"0,2283"
Norway;1973;"1,5";"1,7717";"-0,2717"
Norway;1974;"2,5";"1,7717";"0,7283"
Norway;1975;"2,43";"1,7717";"0,6583"
Norway;1976;"0,8";"1,7717";"-0,9717"
Norway;1977;"0,91";"1,7717";"-0,8617"
Norway;1978;"0,49";"1,7717";"-1,2817"
Norway;1979;"0,42";"1,7717";"-1,3517"
Norway;1980;"0,63";"1,7717";"-1,1417"
Norway;1981;"0,29";"1,7717";"-1,4817"
Norway;1982;"1,6";"1,7717";"-0,1717"
Norway;1983;"1,77";"1,7717";"-0,0017"
Norway;1984;"1,81";"1,7717";"0,0383"
Norway;1985;"-0,28";"1,7717";"-2,0517"
Norway;1986;"0,81";"1,7717";"-0,9617"
Norway;1987;"0,14";"1,7717";"-1,6317"
Norway;1988;"1,69";"1,7717";"-0,0817"
Norway;1989;"2,9";"1,7717";"1,1283"
Norway;1990;"2,96";"1,7717";"1,1883"
Norway;1991;"2,04";"1,7717";"0,2683"
Norway;1992;"2,45";"1,7717";"0,6783"
Norway;1993;"1,42";"1,7717";"-0,3517"
Norway;1994;"1,58";"1,7717";"-0,1917"
Norway;1995;"1,61";"1,7717";"-0,1617"
Norway;1996;"0,97";"1,7717";"-0,8017"
Norway;1997;"2,23";"1,7717";"0,4583"
Norway;1998;"1,4";"1,7717";"-0,3717"
Norway;1999;"2,11";"1,7717";"0,3383"
Norway;2000;"2,93";"1,7717";"1,1583"
Norway;2001;"1,6";"1,7717";"-0,1717"
Norway;2002;"2,2";"1,7717";"0,4283"
Norway;2003;"2,32";"1,7717";"0,5483"
Norway;2004;"2,36";"1,7717";"0,5883"
Norway;2005;"2,59";"1,7717";"0,8183"
Norway;2006;"2,87";"1,7717";"1,0983"
Norway;2007;"2,67";"1,7717";"0,8983"
Norway;2008;"2,78";"1,7717";"1,0083"
Norway;2009;"2,24";"1,7717";"0,4683"
Norway;2010;"0,38";"1,7717";"-1,3917"
Norway;2011;"3,03";"1,7717";"1,2583"
Norway;2012;"1,62";"1,7717";"-0,1517"
Norway;2013;"2,39";"1,7717";"0,6183"
Norway;2014;"3,27";"1,7717";"1,4983"
Norway;2015;"2,95";"1,7717";"1,1783"
Norway;2016;"2,6";"1,7717";"0,8283"
Norway;2017;"2,27";"1,7717";"0,4983"
Norway;2018;"2,62";"1,7717";"0,8483"
Norway;2019;"2,34";"1,7717";"0,5683"
Norway;2020;"3,45";"1,7717";"1,6783"
Norway;2021;"2,1";"1,7717";"0,3283"
Norway;2022;"2,91";"1,7717";"1,1383"
Norway;2023;"2,28";"1,7717";"0,5083"
Poland;1961;"8,48";"8,397";"0,083"
Poland;1962;"7,01";"8,397";"-1,387"
Poland;1963;"6,93";"8,397";"-1,467"
Poland;1964;"7,42";"8,397";"-0,977"
Poland;1965;"6,86";"8,397";"-1,537"
Poland;1966;"8,08";"8,397";"-0,317"
Poland;1967;"8,67";"8,397";"0,273"
Poland;1968;"7,84";"8,397";"-0,557"
Poland;1969;"6,89";"8,397";"-1,507"
Poland;1970;"7,13";"8,397";"-1,267"
Poland;1971;"8,09";"8,397";"-0,307"
Poland;1972;"7,77";"8,397";"-0,627"
Poland;1973;"7,93";"8,397";"-0,467"
Poland;1974;"8,33";"8,397";"-0,067"
Poland;1975;"8,93";"8,397";"0,533"
Poland;1976;"7,22";"8,397";"-1,177"
Poland;1977;"8,03";"8,397";"-0,367"
Poland;1978;"7,16";"8,397";"-1,237"
Poland;1979;"7,4";"8,397";"-0,997"
Poland;1980;"6,64";"8,397";"-1,757"
Poland;1981;"7,88";"8,397";"-0,517"
Poland;1982;"8,38";"8,397";"-0,017"
Poland;1983;"8,97";"8,397";"0,573"
Poland;1984;"7,8";"8,397";"-0,597"
Poland;1985;"6,85";"8,397";"-1,547"
Poland;1986;"7,57";"8,397";"-0,827"
Poland;1987;"6,63";"8,397";"-1,767"
Poland;1988;"8,22";"8,397";"-0,177"
Poland;1989;"9,11";"8,397";"0,713"
Poland;1990;"9,13";"8,397";"0,733"
Poland;1991;"8,17";"8,397";"-0,227"
Poland;1992;"8,81";"8,397";"0,413"
Poland;1993;"7,87";"8,397";"-0,527"
Poland;1994;"8,93";"8,397";"0,533"
Poland;1995;"8,23";"8,397";"-0,167"
Poland;1996;"6,64";"8,397";"-1,757"
Poland;1997;"7,88";"8,397";"-0,517"
Poland;1998;"8,29";"8,397";"-0,107"
Poland;1999;"8,96";"8,397";"0,563"
Poland;2000;"9,5";"8,397";"1,103"
Poland;2001;"8,36";"8,397";"-0,037"
Poland;2002;"9,09";"8,397";"0,693"
Poland;2003;"8,44";"8,397";"0,043"
Poland;2004;"8,34";"8,397";"-0,057"
Poland;2005;"8,28";"8,397";"-0,117"
Poland;2006;"8,65";"8,397";"0,253"
Poland;2007;"9,37";"8,397";"0,973"
Poland;2008;"9,42";"8,397";"1,023"
Poland;2009;"8,73";"8,397";"0,333"
Poland;2010;"7,69";"8,397";"-0,707"
Poland;2011;9;"8,397";"0,603"
Poland;2012;"8,64";"8,397";"0,243"
Poland;2013;"8,68";"8,397";"0,283"
Poland;2014;"9,81";"8,397";"1,413"
Poland;2015;"9,85";"8,397";"1,453"
Poland;2016;"9,3";"8,397";"0,903"
Poland;2017;"9,17";"8,397";"0,773"
Poland;2018;"10,01";"8,397";"1,613"
Poland;2019;"10,19";"8,397";"1,793"
Poland;2020;"10,07";"8,397";"1,673"
Poland;2021;"8,79";"8,397";"0,393"
Poland;2022;"9,74";"8,397";"1,343"
Poland;2023;"10,25";"8,397";"1,853"
Portugal;1961;"15,88";"15,5805";"0,2995"
Portugal;1962;"15,12";"15,5805";"-0,4605"
Portugal;1963;"14,78";"15,5805";"-0,8005"
Portugal;1964;"15,26";"15,5805";"-0,3205"
Portugal;1965;"14,87";"15,5805";"-0,7105"
Portugal;1966;"15,08";"15,5805";"-0,5005"
Portugal;1967;"14,89";"15,5805";"-0,6905"
Portugal;1968;"15,14";"15,5805";"-0,4405"
Portugal;1969;"14,56";"15,5805";"-1,0205"
Portugal;1970;"15,09";"15,5805";"-0,4905"
Portugal;1971;"14,42";"15,5805";"-1,1605"
Portugal;1972;"14,12";"15,5805";"-1,4605"
Portugal;1973;"14,81";"15,5805";"-0,7705"
Portugal;1974;"14,73";"15,5805";"-0,8505"
Portugal;1975;"14,74";"15,5805";"-0,8405"
Portugal;1976;"14,8";"15,5805";"-0,7805"
Portugal;1977;"14,86";"15,5805";"-0,7205"
Portugal;1978;"15,03";"15,5805";"-0,5505"
Portugal;1979;"14,97";"15,5805";"-0,6105"
Portugal;1980;"14,94";"15,5805";"-0,6405"
Portugal;1981;"15,54";"15,5805";"-0,0405"
Portugal;1982;"15,24";"15,5805";"-0,3405"
Portugal;1983;"15,35";"15,5805";"-0,2305"
Portugal;1984;"14,75";"15,5805";"-0,8305"
Portugal;1985;"15,46";"15,5805";"-0,1205"
Portugal;1986;"15,05";"15,5805";"-0,5305"
Portugal;1987;"15,7";"15,5805";"0,1195"
Portugal;1988;"15,39";"15,5805";"-0,1905"
Portugal;1989;"16,26";"15,5805";"0,6795"
Portugal;1990;"15,92";"15,5805";"0,3395"
Portugal;1991;"15,42";"15,5805";"-0,1605"
Portugal;1992;"15,41";"15,5805";"-0,1705"
Portugal;1993;"14,8";"15,5805";"-0,7805"
Portugal;1994;"15,78";"15,5805";"0,1995"
Portugal;1995;"16,3";"15,5805";"0,7195"
Portugal;1996;"15,44";"15,5805";"-0,1405"
Portugal;1997;"16,31";"15,5805";"0,7295"
Portugal;1998;"15,88";"15,5805";"0,2995"
Portugal;1999;"15,63";"15,5805";"0,0495"
Portugal;2000;"15,64";"15,5805";"0,0595"
Portugal;2001;"15,76";"15,5805";"0,1795"
Portugal;2002;"15,67";"15,5805";"0,0895"
Portugal;2003;"16,13";"15,5805";"0,5495"
Portugal;2004;"15,7";"15,5805";"0,1195"
Portugal;2005;"15,73";"15,5805";"0,1495"
Portugal;2006;"16,29";"15,5805";"0,7095"
Portugal;2007;"15,57";"15,5805";"-0,0105"
Portugal;2008;"15,61";"15,5805";"0,0295"
Portugal;2009;"16,3";"15,5805";"0,7195"
Portugal;2010;"15,83";"15,5805";"0,2495"
Portugal;2011;"16,32";"15,5805";"0,7395"
Portugal;2012;"15,89";"15,5805";"0,3095"
Portugal;2013;"15,7";"15,5805";"0,1195"
Portugal;2014;"16,27";"15,5805";"0,6895"
Portugal;2015;"16,32";"15,5805";"0,7395"
Portugal;2016;"16,23";"15,5805";"0,6495"
Portugal;2017;"16,62";"15,5805";"1,0395"
Portugal;2018;"15,89";"15,5805";"0,3095"
Portugal;2019;"16,21";"15,5805";"0,6295"
Portugal;2020;"16,58";"15,5805";"0,9995"
Portugal;2021;"16,13";"15,5805";"0,5495"
Portugal;2022;"17,06";"15,5805";"1,4795"
Portugal;2023;"17,06";"15,5805";"1,4795"
Romania;1961;"9,78";"9,7775";"0,0025"
Romania;1962;9;"9,7775";"-0,7775"
Romania;1963;"8,81";"9,7775";"-0,9675"
Romania;1964;"8,56";"9,7775";"-1,2175"
Romania;1965;"8,41";"9,7775";"-1,3675"
Romania;1966;"9,99";"9,7775";"0,2125"
Romania;1967;"9,48";"9,7775";"-0,2975"
Romania;1968;"9,53";"9,7775";"-0,2475"
Romania;1969;"8,58";"9,7775";"-1,1975"
Romania;1970;"9,18";"9,7775";"-0,5975"
Romania;1971;"9,28";"9,7775";"-0,4975"
Romania;1972;"9,41";"9,7775";"-0,3675"
Romania;1973;"8,99";"9,7775";"-0,7875"
Romania;1974;"9,44";"9,7775";"-0,3375"
Romania;1975;"9,84";"9,7775";"0,0625"
Romania;1976;"8,42";"9,7775";"-1,3575"
Romania;1977;"9,4";"9,7775";"-0,3775"
Romania;1978;"8,42";"9,7775";"-1,3575"
Romania;1979;"9,53";"9,7775";"-0,2475"
Romania;1980;"8,08";"9,7775";"-1,6975"
Romania;1981;"9,3";"9,7775";"-0,4775"
Romania;1982;"9,29";"9,7775";"-0,4875"
Romania;1983;"9,77";"9,7775";"-0,0075"
Romania;1984;"8,98";"9,7775";"-0,7975"
Romania;1985;"8,16";"9,7775";"-1,6175"
Romania;1986;"9,23";"9,7775";"-0,5475"
Romania;1987;"8,5";"9,7775";"-1,2775"
Romania;1988;"9,21";"9,7775";"-0,5675"
Romania;1989;"9,93";"9,7775";"0,1525"
Romania;1990;"10,13";"9,7775";"0,3525"
Romania;1991;"8,99";"9,7775";"-0,7875"
Romania;1992;"9,73";"9,7775";"-0,0475"
Romania;1993;9;"9,7775";"-0,7775"
Romania;1994;"10,62";"9,7775";"0,8425"
Romania;1995;"9,42";"9,7775";"-0,3575"
Romania;1996;"8,88";"9,7775";"-0,8975"
Romania;1997;"8,85";"9,7775";"-0,9275"
Romania;1998;"9,42";"9,7775";"-0,3575"
Romania;1999;"10,07";"9,7775";"0,2925"
Romania;2000;"10,62";"9,7775";"0,8425"
Romania;2001;"9,86";"9,7775";"0,0825"
Romania;2002;"10,48";"9,7775";"0,7025"
Romania;2003;"9,54";"9,7775";"-0,2375"
Romania;2004;"9,68";"9,7775";"-0,0975"
Romania;2005;"9,38";"9,7775";"-0,3975"
Romania;2006;"9,7";"9,7775";"-0,0775"
Romania;2007;"11,03";"9,7775";"1,2525"
Romania;2008;"10,71";"9,7775";"0,9325"
Romania;2009;"10,71";"9,7775";"0,9325"
Romania;2010;"10,07";"9,7775";"0,2925"
Romania;2011;"9,95";"9,7775";"0,1725"
Romania;2012;"10,53";"9,7775";"0,7525"
Romania;2013;"10,65";"9,7775";"0,8725"
Romania;2014;"11,06";"9,7775";"1,2825"
Romania;2015;"11,12";"9,7775";"1,3425"
Romania;2016;"10,62";"9,7775";"0,8425"
Romania;2017;"10,64";"9,7775";"0,8625"
Romania;2018;"11,26";"9,7775";"1,4825"
Romania;2019;"11,67";"9,7775";"1,8925"
Romania;2020;"11,23";"9,7775";"1,4525"
Romania;2021;"10,29";"9,7775";"0,5125"
Romania;2022;"11,18";"9,7775";"1,4025"
Romania;2023;"11,9";"9,7775";"2,1225"
Slovenia;1992;"9,87";"10,0245";"-0,1545"
Slovenia;1993;"9,15";"10,0245";"-0,8745"
Slovenia;1994;"10,43";"10,0245";"0,4055"
Slovenia;1995;"9,2";"10,0245";"-0,8245"
Slovenia;1996;"8,29";"10,0245";"-1,7345"
Slovenia;1997;"9,14";"10,0245";"-0,8845"
Slovenia;1998;"9,49";"10,0245";"-0,5345"
Slovenia;1999;"9,53";"10,0245";"-0,4945"
Slovenia;2000;"10,49";"10,0245";"0,4655"
Slovenia;2001;"9,45";"10,0245";"-0,5745"
Slovenia;2002;"10,16";"10,0245";"0,1355"
Slovenia;2003;"9,7";"10,0245";"-0,3245"
Slovenia;2004;"9,11";"10,0245";"-0,9145"
Slovenia;2005;"8,76";"10,0245";"-1,2645"
Slovenia;2006;"9,57";"10,0245";"-0,4545"
Slovenia;2007;"10,36";"10,0245";"0,3355"
Slovenia;2008;"10,22";"10,0245";"0,1955"
Slovenia;2009;"10,07";"10,0245";"0,0455"
Slovenia;2010;"9,09";"10,0245";"-0,9345"
Slovenia;2011;"10,2";"10,0245";"0,1755"
Slovenia;2012;"10,24";"10,0245";"0,2155"
Slovenia;2013;"9,93";"10,0245";"-0,0945"
Slovenia;2014;"10,76";"10,0245";"0,7355"
Slovenia;2015;"10,67";"10,0245";"0,6455"
Slovenia;2016;"10,14";"10,0245";"0,1155"
Slovenia;2017;"10,2";"10,0245";"0,1755"
Slovenia;2018;"11,02";"10,0245";"0,9955"
Slovenia;2019;11;"10,0245";"0,9755"
Slovenia;2020;"10,61";"10,0245";"0,5855"
Slovenia;2021;"9,9";"10,0245";"-0,1245"
Slovenia;2022;"11,1";"10,0245";"1,0755"
Slovenia;2023;"11,31";"10,0245";"1,2855"
Spain;1961;"13,91";"13,7014";"0,2086"
Spain;1962;"13,13";"13,7014";"-0,5714"
Spain;1963;"12,83";"13,7014";"-0,8714"
Spain;1964;"13,34";"13,7014";"-0,3614"
Spain;1965;"12,97";"13,7014";"-0,7314"
Spain;1966;"13,23";"13,7014";"-0,4714"
Spain;1967;"12,97";"13,7014";"-0,7314"
Spain;1968;"13,2";"13,7014";"-0,5014"
Spain;1969;"12,67";"13,7014";"-1,0314"
Spain;1970;"13,1";"13,7014";"-0,6014"
Spain;1971;"12,61";"13,7014";"-1,0914"
Spain;1972;"12,32";"13,7014";"-1,3814"
Spain;1973;"12,92";"13,7014";"-0,7814"
Spain;1974;"12,87";"13,7014";"-0,8314"
Spain;1975;"12,86";"13,7014";"-0,8414"
Spain;1976;"12,89";"13,7014";"-0,8114"
Spain;1977;"12,99";"13,7014";"-0,7114"
Spain;1978;"13,09";"13,7014";"-0,6114"
Spain;1979;"13,15";"13,7014";"-0,5514"
Spain;1980;13;"13,7014";"-0,7014"
Spain;1981;"13,54";"13,7014";"-0,1614"
Spain;1982;"13,52";"13,7014";"-0,1814"
Spain;1983;"13,59";"13,7014";"-0,1114"
Spain;1984;"12,84";"13,7014";"-0,8614"
Spain;1985;"13,52";"13,7014";"-0,1814"
Spain;1986;"13,31";"13,7014";"-0,3914"
Spain;1987;"13,73";"13,7014";"0,0286"
Spain;1988;"13,57";"13,7014";"-0,1314"
Spain;1989;"14,28";"13,7014";"0,5786"
Spain;1990;"14,05";"13,7014";"0,3486"
Spain;1991;"13,43";"13,7014";"-0,2714"
Spain;1992;"13,45";"13,7014";"-0,2514"
Spain;1993;"13,03";"13,7014";"-0,6714"
Spain;1994;14;"13,7014";"0,2986"
Spain;1995;"14,32";"13,7014";"0,6186"
Spain;1996;"13,56";"13,7014";"-0,1414"
Spain;1997;"14,41";"13,7014";"0,7086"
Spain;1998;"13,94";"13,7014";"0,2386"
Spain;1999;"13,79";"13,7014";"0,0886"
Spain;2000;"13,87";"13,7014";"0,1686"
Spain;2001;14;"13,7014";"0,2986"
Spain;2002;"13,96";"13,7014";"0,2586"
Spain;2003;"14,27";"13,7014";"0,5686"
Spain;2004;"13,85";"13,7014";"0,1486"
Spain;2005;"13,75";"13,7014";"0,0486"
Spain;2006;"14,35";"13,7014";"0,6486"
Spain;2007;"13,78";"13,7014";"0,0786"
Spain;2008;"13,76";"13,7014";"0,0586"
Spain;2009;"14,28";"13,7014";"0,5786"
Spain;2010;"13,76";"13,7014";"0,0586"
Spain;2011;"14,44";"13,7014";"0,7386"
Spain;2012;"13,92";"13,7014";"0,2186"
Spain;2013;"13,74";"13,7014";"0,0386"
Spain;2014;"14,51";"13,7014";"0,8086"
Spain;2015;"14,52";"13,7014";"0,8186"
Spain;2016;"14,4";"13,7014";"0,6986"
Spain;2017;"14,69";"13,7014";"0,9886"
Spain;2018;"14,11";"13,7014";"0,4086"
Spain;2019;"14,37";"13,7014";"0,6686"
Spain;2020;"14,77";"13,7014";"1,0686"
Spain;2021;"14,44";"13,7014";"0,7386"
Spain;2022;"15,16";"13,7014";"1,4586"
Spain;2023;"15,16";"13,7014";"1,4586"
Sweden;1961;"3,24";"2,7413";"0,4988"
Sweden;1962;"1,4";"2,7413";"-1,3413"
Sweden;1963;"1,86";"2,7413";"-0,8813"
Sweden;1964;"2,49";"2,7413";"-0,2513"
Sweden;1965;"1,45";"2,7413";"-1,2913"
Sweden;1966;"0,88";"2,7413";"-1,8613"
Sweden;1967;"2,52";"2,7413";"-0,2213"
Sweden;1968;"1,58";"2,7413";"-1,1613"
Sweden;1969;"1,6";"2,7413";"-1,1413"
Sweden;1970;"1,47";"2,7413";"-1,2713"
Sweden;1971;"2,18";"2,7413";"-0,5613"
Sweden;1972;"2,96";"2,7413";"0,2188"
Sweden;1973;"2,57";"2,7413";"-0,1713"
Sweden;1974;"3,41";"2,7413";"0,6688"
Sweden;1975;"3,64";"2,7413";"0,8988"
Sweden;1976;"1,64";"2,7413";"-1,1013"
Sweden;1977;"1,89";"2,7413";"-0,8513"
Sweden;1978;"1,34";"2,7413";"-1,4013"
Sweden;1979;"1,44";"2,7413";"-1,3013"
Sweden;1980;"1,43";"2,7413";"-1,3113"
Sweden;1981;"1,32";"2,7413";"-1,4213"
Sweden;1982;"2,53";"2,7413";"-0,2113"
Sweden;1983;"2,77";"2,7413";"0,0288"
Sweden;1984;"2,75";"2,7413";"0,0088"
Sweden;1985;"0,38";"2,7413";"-2,3613"
Sweden;1986;"1,71";"2,7413";"-1,0313"
Sweden;1987;"0,83";"2,7413";"-1,9113"
Sweden;1988;"2,63";"2,7413";"-0,1113"
Sweden;1989;"3,93";"2,7413";"1,1888"
Sweden;1990;"3,92";"2,7413";"1,1788"
Sweden;1991;"2,99";"2,7413";"0,2488"
Sweden;1992;"3,44";"2,7413";"0,6988"
Sweden;1993;"2,45";"2,7413";"-0,2913"
Sweden;1994;"2,57";"2,7413";"-0,1713"
Sweden;1995;"2,65";"2,7413";"-0,0913"
Sweden;1996;"1,91";"2,7413";"-0,8313"
Sweden;1997;"3,19";"2,7413";"0,4488"
Sweden;1998;"2,36";"2,7413";"-0,3813"
Sweden;1999;"3,12";"2,7413";"0,3788"
Sweden;2000;"3,96";"2,7413";"1,2188"
Sweden;2001;"2,69";"2,7413";"-0,0513"
Sweden;2002;"3,22";"2,7413";"0,4788"
Sweden;2003;"3,15";"2,7413";"0,4088"
Sweden;2004;"3,19";"2,7413";"0,4488"
Sweden;2005;"3,53";"2,7413";"0,7888"
Sweden;2006;"3,81";"2,7413";"1,0688"
Sweden;2007;"3,69";"2,7413";"0,9488"
Sweden;2008;"3,85";"2,7413";"1,1088"
Sweden;2009;"3,17";"2,7413";"0,4288"
Sweden;2010;"1,33";"2,7413";"-1,4113"
Sweden;2011;4;"2,7413";"1,2588"
Sweden;2012;"2,59";"2,7413";"-0,1513"
Sweden;2013;"3,4";"2,7413";"0,6588"
Sweden;2014;"4,22";"2,7413";"1,4788"
Sweden;2015;"4,01";"2,7413";"1,2688"
Sweden;2016;"3,5";"2,7413";"0,7588"
Sweden;2017;"3,23";"2,7413";"0,4888"
Sweden;2018;"3,76";"2,7413";"1,0188"
Sweden;2019;"3,51";"2,7413";"0,7688"
Sweden;2020;"4,61";"2,7413";"1,8688"
Sweden;2021;"3,11";"2,7413";"0,3688"
Sweden;2022;"3,9";"2,7413";"1,1588"
Sweden;2023;"3,38";"2,7413";"0,6388"
Switzerland;1961;"6,27";"6,0395";"0,2305"
Switzerland;1962;"4,5";"6,0395";"-1,5395"
Switzerland;1963;"4,42";"6,0395";"-1,6195"
Switzerland;1964;"5,44";"6,0395";"-0,5995"
Switzerland;1965;"4,6";"6,0395";"-1,4395"
Switzerland;1966;"5,58";"6,0395";"-0,4595"
Switzerland;1967;"5,65";"6,0395";"-0,3895"
Switzerland;1968;"5,12";"6,0395";"-0,9195"
Switzerland;1969;"4,92";"6,0395";"-1,1195"
Switzerland;1970;"4,9";"6,0395";"-1,1395"
Switzerland;1971;"5,27";"6,0395";"-0,7695"
Switzerland;1972;"4,92";"6,0395";"-1,1195"
Switzerland;1973;"5,05";"6,0395";"-0,9895"
Switzerland;1974;"5,71";"6,0395";"-0,3295"
Switzerland;1975;"5,58";"6,0395";"-0,4595"
Switzerland;1976;"5,44";"6,0395";"-0,5995"
Switzerland;1977;"5,7";"6,0395";"-0,3395"
Switzerland;1978;"4,81";"6,0395";"-1,2295"
Switzerland;1979;"5,33";"6,0395";"-0,7095"
Switzerland;1980;"4,63";"6,0395";"-1,4095"
Switzerland;1981;"5,34";"6,0395";"-0,6995"
Switzerland;1982;"6,01";"6,0395";"-0,0295"
Switzerland;1983;"6,09";"6,0395";"0,0505"
Switzerland;1984;5;"6,0395";"-1,0395"
Switzerland;1985;"4,92";"6,0395";"-1,1195"
Switzerland;1986;"5,34";"6,0395";"-0,6995"
Switzerland;1987;"5,13";"6,0395";"-0,9095"
Switzerland;1988;"6,1";"6,0395";"0,0605"
Switzerland;1989;"6,45";"6,0395";"0,4105"
Switzerland;1990;"6,49";"6,0395";"0,4505"
Switzerland;1991;"5,6";"6,0395";"-0,4395"
Switzerland;1992;"6,39";"6,0395";"0,3505"
Switzerland;1993;"5,86";"6,0395";"-0,1795"
Switzerland;1994;"7,12";"6,0395";"1,0805"
Switzerland;1995;"6,05";"6,0395";"0,0105"
Switzerland;1996;"5,03";"6,0395";"-1,0095"
Switzerland;1997;"6,36";"6,0395";"0,3205"
Switzerland;1998;"6,19";"6,0395";"0,1505"
Switzerland;1999;"6,35";"6,0395";"0,3105"
Switzerland;2000;"6,97";"6,0395";"0,9305"
Switzerland;2001;"6,21";"6,0395";"0,1705"
Switzerland;2002;"6,83";"6,0395";"0,7905"
Switzerland;2003;"6,63";"6,0395";"0,5905"
Switzerland;2004;"6,11";"6,0395";"0,0705"
Switzerland;2005;"5,95";"6,0395";"-0,0895"
Switzerland;2006;"6,63";"6,0395";"0,5905"
Switzerland;2007;"6,68";"6,0395";"0,6405"
Switzerland;2008;"6,35";"6,0395";"0,3105"
Switzerland;2009;"6,53";"6,0395";"0,4905"
Switzerland;2010;"5,43";"6,0395";"-0,6095"
Switzerland;2011;"7,14";"6,0395";"1,1005"
Switzerland;2012;"6,51";"6,0395";"0,4705"
Switzerland;2013;"5,98";"6,0395";"-0,0595"
Switzerland;2014;"7,42";"6,0395";"1,3805"
Switzerland;2015;"7,3";"6,0395";"1,2605"
Switzerland;2016;"6,66";"6,0395";"0,6205"
Switzerland;2017;"6,79";"6,0395";"0,7505"
Switzerland;2018;"7,65";"6,0395";"1,6105"
Switzerland;2019;"7,3";"6,0395";"1,2605"
Switzerland;2020;"7,66";"6,0395";"1,6205"
Switzerland;2021;"6,3";"6,0395";"0,2605"
Switzerland;2022;"8,04";"6,0395";"2,0005"
Switzerland;2023;"7,98";"6,0395";"1,9405"
Turkey;1961;"11,21";"11,415";"-0,205"
Turkey;1962;"12,19";"11,415";"0,775"
Turkey;1963;"11,3";"11,415";"-0,115"
Turkey;1964;"10,33";"11,415";"-1,085"
Turkey;1965;"10,78";"11,415";"-0,635"
Turkey;1966;"12,36";"11,415";"0,945"
Turkey;1967;"10,22";"11,415";"-1,195"
Turkey;1968;"11,04";"11,415";"-0,375"
Turkey;1969;"10,99";"11,415";"-0,425"
Turkey;1970;"11,58";"11,415";"0,165"
Turkey;1971;"10,96";"11,415";"-0,455"
Turkey;1972;"10,26";"11,415";"-1,155"
Turkey;1973;"10,62";"11,415";"-0,795"
Turkey;1974;"10,69";"11,415";"-0,725"
Turkey;1975;"10,76";"11,415";"-0,655"
Turkey;1976;"10,14";"11,415";"-1,275"
Turkey;1977;"10,99";"11,415";"-0,425"
Turkey;1978;"11,06";"11,415";"-0,355"
Turkey;1979;"11,62";"11,415";"0,205"
Turkey;1980;"10,73";"11,415";"-0,685"
Turkey;1981;"11,53";"11,415";"0,115"
Turkey;1982;"10,48";"11,415";"-0,935"
Turkey;1983;"10,58";"11,415";"-0,835"
Turkey;1984;"10,85";"11,415";"-0,565"
Turkey;1985;"10,81";"11,415";"-0,605"
Turkey;1986;"11,21";"11,415";"-0,205"
Turkey;1987;"10,62";"11,415";"-0,795"
Turkey;1988;"10,65";"11,415";"-0,765"
Turkey;1989;"11,06";"11,415";"-0,355"
Turkey;1990;"11,11";"11,415";"-0,305"
Turkey;1991;"10,81";"11,415";"-0,605"
Turkey;1992;"9,74";"11,415";"-1,675"
Turkey;1993;"10,52";"11,415";"-0,895"
Turkey;1994;"11,73";"11,415";"0,315"
Turkey;1995;"11,23";"11,415";"-0,185"
Turkey;1996;"11,4";"11,415";"-0,015"
Turkey;1997;"10,64";"11,415";"-0,775"
Turkey;1998;"11,88";"11,415";"0,465"
Turkey;1999;"12,14";"11,415";"0,725"
Turkey;2000;"11,36";"11,415";"-0,055"
Turkey;2001;"12,32";"11,415";"0,905"
Turkey;2002;"11,38";"11,415";"-0,035"
Turkey;2003;"11,4";"11,415";"-0,015"
Turkey;2004;"11,4";"11,415";"-0,015"
Turkey;2005;"11,52";"11,415";"0,105"
Turkey;2006;"11,4";"11,415";"-0,015"
Turkey;2007;"11,9";"11,415";"0,485"
Turkey;2008;"11,75";"11,415";"0,335"
Turkey;2009;"11,84";"11,415";"0,425"
Turkey;2010;"13,13";"11,415";"1,715"
Turkey;2011;"11,08";"11,415";"-0,335"
Turkey;2012;"12,03";"11,415";"0,615"
Turkey;2013;"11,86";"11,415";"0,445"
Turkey;2014;"12,45";"11,415";"1,035"
Turkey;2015;"11,8";"11,415";"0,385"
Turkey;2016;"12,13";"11,415";"0,715"
Turkey;2017;"11,93";"11,415";"0,515"
Turkey;2018;"13,04";"11,415";"1,625"
Turkey;2019;"12,49";"11,415";"1,075"
Turkey;2020;"12,64";"11,415";"1,225"
Turkey;2021;"12,56";"11,415";"1,145"
Turkey;2022;"12,24";"11,415";"0,825"
Turkey;2023;"12,93";"11,415";"1,515"
Ukraine;1992;"8,76";"9,4218";"-0,6618"
Ukraine;1993;"7,96";"9,4218";"-1,4618"
Ukraine;1994;"9,01";"9,4218";"-0,4118"
Ukraine;1995;"8,88";"9,4218";"-0,5418"
Ukraine;1996;"7,68";"9,4218";"-1,7418"
Ukraine;1997;"7,85";"9,4218";"-1,5718"
Ukraine;1998;"8,61";"9,4218";"-0,8118"
Ukraine;1999;"9,59";"9,4218";"0,1682"
Ukraine;2000;"9,58";"9,4218";"0,1582"
Ukraine;2001;"9,01";"9,4218";"-0,4118"
Ukraine;2002;"9,48";"9,4218";"0,0582"
Ukraine;2003;"8,45";"9,4218";"-0,9718"
Ukraine;2004;"8,91";"9,4218";"-0,5118"
Ukraine;2005;"8,99";"9,4218";"-0,4318"
Ukraine;2006;"8,73";"9,4218";"-0,6918"
Ukraine;2007;"10,15";"9,4218";"0,7282"
Ukraine;2008;"9,8";"9,4218";"0,3782"
Ukraine;2009;"9,53";"9,4218";"0,1082"
Ukraine;2010;"9,28";"9,4218";"-0,1418"
Ukraine;2011;"9,14";"9,4218";"-0,2818"
Ukraine;2012;"9,41";"9,4218";"-0,0118"
Ukraine;2013;"9,7";"9,4218";"0,2782"
Ukraine;2014;"9,75";"9,4218";"0,3282"
Ukraine;2015;"10,36";"9,4218";"0,9382"
Ukraine;2016;"9,73";"9,4218";"0,3082"
Ukraine;2017;"9,78";"9,4218";"0,3582"
Ukraine;2018;"9,88";"9,4218";"0,4582"
Ukraine;2019;"10,66";"9,4218";"1,2382"
Ukraine;2020;"10,81";"9,4218";"1,3882"
Ukraine;2021;"9,37";"9,4218";"-0,0518"
Ukraine;2022;"10,02";"9,4218";"0,5982"
Ukraine;2023;"10,85";"9,4218";"1,4282"
United Kingdom;1961;"8,81";"8,947";"-0,137"
United Kingdom;1962;"7,74";"8,947";"-1,207"
United Kingdom;1963;"7,64";"8,947";"-1,307"
United Kingdom;1964;"8,49";"8,947";"-0,457"
United Kingdom;1965;"7,92";"8,947";"-1,027"
United Kingdom;1966;"8,42";"8,947";"-0,527"
United Kingdom;1967;"8,62";"8,947";"-0,327"
United Kingdom;1968;"8,35";"8,947";"-0,597"
United Kingdom;1969;"8,29";"8,947";"-0,657"
United Kingdom;1970;"8,46";"8,947";"-0,487"
United Kingdom;1971;"8,95";"8,947";"0,003"
United Kingdom;1972;"8,29";"8,947";"-0,657"
United Kingdom;1973;"8,62";"8,947";"-0,327"
United Kingdom;1974;"8,57";"8,947";"-0,377"
United Kingdom;1975;"8,97";"8,947";"0,023"
United Kingdom;1976;"8,91";"8,947";"-0,037"
United Kingdom;1977;"8,49";"8,947";"-0,457"
United Kingdom;1978;"8,43";"8,947";"-0,517"
United Kingdom;1979;"7,8";"8,947";"-1,147"
United Kingdom;1980;"8,42";"8,947";"-0,527"
United Kingdom;1981;"8,33";"8,947";"-0,617"
United Kingdom;1982;"8,81";"8,947";"-0,137"
United Kingdom;1983;"8,95";"8,947";"0,003"
United Kingdom;1984;"8,71";"8,947";"-0,237"
United Kingdom;1985;"7,95";"8,947";"-0,997"
United Kingdom;1986;"7,8";"8,947";"-1,147"
United Kingdom;1987;"8,21";"8,947";"-0,737"
United Kingdom;1988;"8,91";"8,947";"-0,037"
United Kingdom;1989;"9,39";"8,947";"0,443"
United Kingdom;1990;"9,49";"8,947";"0,543"
United Kingdom;1991;"8,73";"8,947";"-0,217"
United Kingdom;1992;"8,86";"8,947";"-0,087"
United Kingdom;1993;"8,48";"8,947";"-0,467"
United Kingdom;1994;"9,02";"8,947";"0,073"
United Kingdom;1995;"9,39";"8,947";"0,443"
United Kingdom;1996;"8,4";"8,947";"-0,547"
United Kingdom;1997;"9,56";"8,947";"0,613"
United Kingdom;1998;"9,3";"8,947";"0,353"
United Kingdom;1999;"9,49";"8,947";"0,543"
United Kingdom;2000;"9,22";"8,947";"0,273"
United Kingdom;2001;"9,01";"8,947";"0,063"
United Kingdom;2002;"9,56";"8,947";"0,613"
United Kingdom;2003;"9,6";"8,947";"0,653"
United Kingdom;2004;"9,47";"8,947";"0,523"
United Kingdom;2005;"9,48";"8,947";"0,533"
United Kingdom;2006;"9,71";"8,947";"0,763"
United Kingdom;2007;"9,71";"8,947";"0,763"
United Kingdom;2008;"9,23";"8,947";"0,283"
United Kingdom;2009;"9,33";"8,947";"0,383"
United Kingdom;2010;"8,21";"8,947";"-0,737"
United Kingdom;2011;"9,54";"8,947";"0,593"
United Kingdom;2012;"8,96";"8,947";"0,013"
United Kingdom;2013;"8,93";"8,947";"-0,017"
United Kingdom;2014;"9,96";"8,947";"1,013"
United Kingdom;2015;"9,23";"8,947";"0,283"
United Kingdom;2016;"9,39";"8,947";"0,443"
United Kingdom;2017;"9,65";"8,947";"0,703"
United Kingdom;2018;"9,53";"8,947";"0,583"
United Kingdom;2019;"9,62";"8,947";"0,673"
United Kingdom;2020;"9,71";"8,947";"0,763"
United Kingdom;2021;"9,44";"8,947";"0,493"
United Kingdom;2022;"10,13";"8,947";"1,183"
United Kingdom;2023;"10,14";"8,947";"1,193"
